Model,RMSE,MAE,R2
Linear Regression,36507.4790300151,25845.57266623384,-0.02832851240636436
Polynomial Regression,88809.19590737841,52237.97198129394,-5.0853290211005735
Lasso Regression,36507.47155245577,25845.579959622577,-0.028328091156424318
Best Model,36507.47155245577,25845.579959622577,-0.028328091156424318
